{"index":0,"lifetime":19.40371322631836,"hits":0,"speed":9.0,"movement":"EnemyCircleMovement","sightrange":13.0,"firerange":11.0,"threshold":0.32709646224975588,"advicerange":14.50084400177002,"life":2}
{"index":1,"lifetime":40.155059814453128,"hits":0,"speed":5.0,"movement":"EnemyRandomMovement","sightrange":13.0,"firerange":11.0,"threshold":0.37929680943489077,"advicerange":12.598014831542969,"life":1}
{"index":2,"lifetime":42.70968246459961,"hits":0,"speed":6.0,"movement":"EnemyRandomMovement","sightrange":18.0,"firerange":11.0,"threshold":0.2828860282897949,"advicerange":13.712797164916993,"life":1}
{"index":3,"lifetime":29.946199417114259,"hits":1,"speed":7.0,"movement":"EnemyCircleMovement","sightrange":8.0,"firerange":12.0,"threshold":1.498968243598938,"advicerange":13.885112762451172,"life":3}
{"index":4,"lifetime":4.0580267906188969,"hits":0,"speed":3.0,"movement":"EnemyCircleMovement","sightrange":9.0,"firerange":7.0,"threshold":1.2835991382598878,"advicerange":14.794711112976075,"life":3}
{"index":5,"lifetime":4.78950834274292,"hits":0,"speed":7.0,"movement":"EnemyCircleMovement","sightrange":14.0,"firerange":6.0,"threshold":0.9297559857368469,"advicerange":9.672569274902344,"life":2}
{"index":6,"lifetime":34.642608642578128,"hits":0,"speed":5.0,"movement":"EnemyFollowMovement","sightrange":8.0,"firerange":5.0,"threshold":0.5322307348251343,"advicerange":12.541979789733887,"life":3}
{"index":7,"lifetime":33.156471252441409,"hits":1,"speed":7.0,"movement":"EnemyFollowMovement","sightrange":18.0,"firerange":10.0,"threshold":1.1283655166625977,"advicerange":9.387649536132813,"life":1}
{"index":8,"lifetime":9.602027893066407,"hits":0,"speed":8.0,"movement":"EnemyCircleMovement","sightrange":9.0,"firerange":10.0,"threshold":1.086208462715149,"advicerange":11.910882949829102,"life":3}
{"index":9,"lifetime":2.5947117805480959,"hits":0,"speed":6.0,"movement":"EnemyCircleMovement","sightrange":18.0,"firerange":12.0,"threshold":1.2964184284210206,"advicerange":5.881161689758301,"life":2}
{"index":10,"lifetime":11.77624225616455,"hits":0,"speed":6.0,"movement":"EnemyRandomMovement","sightrange":17.0,"firerange":15.0,"threshold":0.4330925941467285,"advicerange":12.757441520690918,"life":2}
{"index":11,"lifetime":6.735071659088135,"hits":0,"speed":2.0,"movement":"EnemyRandomMovement","sightrange":18.0,"firerange":13.0,"threshold":0.22599470615386964,"advicerange":13.073396682739258,"life":3}
{"index":12,"lifetime":9.889546394348145,"hits":0,"speed":4.0,"movement":"EnemyFollowMovement","sightrange":16.0,"firerange":9.0,"threshold":1.2433340549468995,"advicerange":9.985925674438477,"life":3}
{"index":13,"lifetime":19.762821197509767,"hits":2,"speed":6.0,"movement":"EnemyCircleMovement","sightrange":6.0,"firerange":9.0,"threshold":1.119470238685608,"advicerange":9.004863739013672,"life":3}
{"index":14,"lifetime":53.68373107910156,"hits":0,"speed":6.0,"movement":"EnemyFollowMovement","sightrange":13.0,"firerange":13.0,"threshold":0.6061786413192749,"advicerange":11.644991874694825,"life":3}
{"index":15,"lifetime":26.798799514770509,"hits":0,"speed":5.0,"movement":"EnemyCircleMovement","sightrange":10.0,"firerange":10.0,"threshold":0.224652960896492,"advicerange":6.581425666809082,"life":3}
{"index":16,"lifetime":23.178024291992189,"hits":0,"speed":9.0,"movement":"EnemyCircleMovement","sightrange":14.0,"firerange":15.0,"threshold":0.49650001525878909,"advicerange":9.638880729675293,"life":1}
{"index":17,"lifetime":31.187726974487306,"hits":0,"speed":7.0,"movement":"EnemyCircleMovement","sightrange":5.0,"firerange":10.0,"threshold":0.6957839727401733,"advicerange":13.327722549438477,"life":2}
{"index":18,"lifetime":39.39811325073242,"hits":2,"speed":8.0,"movement":"EnemyCircleMovement","sightrange":16.0,"firerange":7.0,"threshold":1.2318538427352906,"advicerange":13.74820613861084,"life":3}
{"index":19,"lifetime":47.39582824707031,"hits":0,"speed":3.0,"movement":"EnemyFollowMovement","sightrange":19.0,"firerange":15.0,"threshold":1.0916953086853028,"advicerange":12.233013153076172,"life":1}
