{"index":0,"lifetime":28.982677459716798,"hits":0,"speed":8.0,"movement":"EnemyFollowMovement","sightrange":7.0,"firerange":15.0,"threshold":0.4858994483947754,"life":2}
{"index":1,"lifetime":7.309410572052002,"hits":0,"speed":4.0,"movement":"EnemyCircleMovement","sightrange":17.0,"firerange":8.0,"threshold":1.0886845588684083,"life":3}
{"index":2,"lifetime":43.445472717285159,"hits":0,"speed":8.0,"movement":"EnemyCircleMovement","sightrange":15.0,"firerange":7.0,"threshold":0.39390045404434206,"life":2}
{"index":3,"lifetime":15.232722282409668,"hits":0,"speed":7.0,"movement":"EnemyFollowMovement","sightrange":17.0,"firerange":9.0,"threshold":0.38698357343673708,"life":2}
{"index":4,"lifetime":35.90752410888672,"hits":0,"speed":7.0,"movement":"EnemyCircleMovement","sightrange":13.0,"firerange":6.0,"threshold":0.7446640133857727,"life":1}
{"index":5,"lifetime":16.15993881225586,"hits":0,"speed":5.0,"movement":"EnemyCircleMovement","sightrange":6.0,"firerange":15.0,"threshold":0.42956089973449709,"life":1}
{"index":6,"lifetime":20.467300415039064,"hits":0,"speed":5.0,"movement":"EnemyFollowMovement","sightrange":17.0,"firerange":14.0,"threshold":0.6640107035636902,"life":2}
{"index":7,"lifetime":12.92582893371582,"hits":0,"speed":4.0,"movement":"EnemyFollowMovement","sightrange":17.0,"firerange":8.0,"threshold":0.20850007236003877,"life":2}
{"index":8,"lifetime":34.250831604003909,"hits":0,"speed":7.0,"movement":"EnemyCircleMovement","sightrange":18.0,"firerange":11.0,"threshold":1.2293825149536133,"life":2}
{"index":9,"lifetime":22.670686721801759,"hits":0,"speed":6.0,"movement":"EnemyFollowMovement","sightrange":16.0,"firerange":15.0,"threshold":0.6898647546768189,"life":3}
{"index":10,"lifetime":45.98015213012695,"hits":1,"speed":6.0,"movement":"EnemyCircleMovement","sightrange":10.0,"firerange":15.0,"threshold":0.6965523362159729,"life":2}
{"index":11,"lifetime":25.68582534790039,"hits":0,"speed":2.0,"movement":"EnemyFollowMovement","sightrange":5.0,"firerange":5.0,"threshold":0.6319130063056946,"life":3}
{"index":12,"lifetime":21.229372024536134,"hits":1,"speed":9.0,"movement":"EnemyFollowMovement","sightrange":13.0,"firerange":14.0,"threshold":0.21556229889392854,"life":3}
{"index":13,"lifetime":8.30341625213623,"hits":3,"speed":9.0,"movement":"EnemyCircleMovement","sightrange":9.0,"firerange":6.0,"threshold":0.4577910900115967,"life":1}
{"index":14,"lifetime":4.161798477172852,"hits":0,"speed":3.0,"movement":"EnemyFollowMovement","sightrange":18.0,"firerange":14.0,"threshold":1.1820576190948487,"life":1}
{"index":15,"lifetime":11.169800758361817,"hits":1,"speed":7.0,"movement":"EnemyFollowMovement","sightrange":12.0,"firerange":14.0,"threshold":0.8373733758926392,"life":2}
{"index":16,"lifetime":23.466039657592775,"hits":0,"speed":6.0,"movement":"EnemyCircleMovement","sightrange":13.0,"firerange":9.0,"threshold":0.32735946774482729,"life":3}
{"index":17,"lifetime":30.423904418945314,"hits":1,"speed":6.0,"movement":"EnemyCircleMovement","sightrange":14.0,"firerange":7.0,"threshold":0.8885482549667358,"life":1}
{"index":18,"lifetime":2.9688751697540285,"hits":0,"speed":9.0,"movement":"EnemyFollowMovement","sightrange":15.0,"firerange":8.0,"threshold":0.37812644243240359,"life":2}
{"index":19,"lifetime":18.528980255126954,"hits":0,"speed":4.0,"movement":"EnemyFollowMovement","sightrange":18.0,"firerange":9.0,"threshold":0.8226690292358398,"life":1}
