{"index":0,"lifetime":32.092220306396487,"hits":1,"speed":9.0,"movement":"EnemyFollowMovement","sightrange":6.0,"firerange":15.0,"threshold":0.4883226156234741,"life":3}
{"index":1,"lifetime":33.50040817260742,"hits":0,"speed":9.0,"movement":"EnemyFollowMovement","sightrange":9.0,"firerange":13.0,"threshold":0.9791843295097351,"life":1}
{"index":2,"lifetime":6.350501537322998,"hits":0,"speed":7.0,"movement":"EnemyCircleMovement","sightrange":15.0,"firerange":6.0,"threshold":0.6422908306121826,"life":3}
{"index":3,"lifetime":10.50850772857666,"hits":0,"speed":7.0,"movement":"EnemyCircleMovement","sightrange":10.0,"firerange":7.0,"threshold":0.4368419647216797,"life":1}
{"index":4,"lifetime":45.715972900390628,"hits":0,"speed":5.0,"movement":"EnemyCircleMovement","sightrange":17.0,"firerange":7.0,"threshold":0.5885003805160523,"life":2}
{"index":5,"lifetime":7.642849445343018,"hits":0,"speed":4.0,"movement":"EnemyCircleMovement","sightrange":12.0,"firerange":11.0,"threshold":0.8407699465751648,"life":2}
{"index":6,"lifetime":14.380993843078614,"hits":0,"speed":9.0,"movement":"EnemyFollowMovement","sightrange":12.0,"firerange":9.0,"threshold":0.2759149372577667,"life":1}
{"index":7,"lifetime":26.239498138427736,"hits":0,"speed":9.0,"movement":"EnemyCircleMovement","sightrange":6.0,"firerange":13.0,"threshold":1.318457841873169,"life":2}
{"index":8,"lifetime":74.89733123779297,"hits":0,"speed":9.0,"movement":"EnemyFollowMovement","sightrange":14.0,"firerange":7.0,"threshold":1.045103907585144,"life":1}
{"index":9,"lifetime":4.2747087478637699,"hits":0,"speed":7.0,"movement":"EnemyFollowMovement","sightrange":9.0,"firerange":7.0,"threshold":0.796506941318512,"life":1}
{"index":10,"lifetime":37.80779266357422,"hits":1,"speed":8.0,"movement":"EnemyFollowMovement","sightrange":14.0,"firerange":10.0,"threshold":0.6240174770355225,"life":3}
{"index":11,"lifetime":16.93225860595703,"hits":0,"speed":2.0,"movement":"EnemyCircleMovement","sightrange":13.0,"firerange":5.0,"threshold":0.5492251515388489,"life":1}
{"index":12,"lifetime":70.50273132324219,"hits":0,"speed":9.0,"movement":"EnemyFollowMovement","sightrange":6.0,"firerange":15.0,"threshold":0.5551474094390869,"life":1}
{"index":13,"lifetime":18.64126968383789,"hits":1,"speed":7.0,"movement":"EnemyCircleMovement","sightrange":6.0,"firerange":7.0,"threshold":0.36985790729522707,"life":2}
{"index":14,"lifetime":65.61756896972656,"hits":1,"speed":3.0,"movement":"EnemyCircleMovement","sightrange":13.0,"firerange":11.0,"threshold":0.46710243821144106,"life":2}
{"index":15,"lifetime":38.487430572509769,"hits":0,"speed":5.0,"movement":"EnemyFollowMovement","sightrange":18.0,"firerange":10.0,"threshold":0.9963269829750061,"life":3}
{"index":16,"lifetime":41.98308181762695,"hits":0,"speed":5.0,"movement":"EnemyCircleMovement","sightrange":13.0,"firerange":7.0,"threshold":0.9139401316642761,"life":1}
{"index":17,"lifetime":6.0520782470703129,"hits":0,"speed":6.0,"movement":"EnemyCircleMovement","sightrange":18.0,"firerange":12.0,"threshold":0.7313618659973145,"life":2}
{"index":18,"lifetime":27.68205451965332,"hits":0,"speed":3.0,"movement":"EnemyFollowMovement","sightrange":16.0,"firerange":5.0,"threshold":1.4528310298919678,"life":2}
{"index":19,"lifetime":81.37769317626953,"hits":0,"speed":8.0,"movement":"EnemyCircleMovement","sightrange":5.0,"firerange":11.0,"threshold":0.4116635024547577,"life":3}
