{"index":0,"lifetime":7.351407051086426,"hits":0,"speed":4.0,"movement":"EnemyFollowMovement","sightrange":11.0,"firerange":15.0,"threshold":1.1715567111968995,"advicerange":10.322744369506836,"life":3}
{"index":1,"lifetime":11.625351905822754,"hits":0,"speed":4.0,"movement":"EnemyCircleMovement","sightrange":17.0,"firerange":15.0,"threshold":0.6170485019683838,"advicerange":5.219233512878418,"life":3}
{"index":2,"lifetime":17.23858070373535,"hits":0,"speed":4.0,"movement":"EnemyCircleMovement","sightrange":16.0,"firerange":13.0,"threshold":0.45797890424728396,"advicerange":9.958361625671387,"life":2}
{"index":3,"lifetime":8.891890525817871,"hits":0,"speed":5.0,"movement":"EnemyFollowMovement","sightrange":5.0,"firerange":6.0,"threshold":0.9251529574394226,"advicerange":7.569978713989258,"life":1}
{"index":4,"lifetime":18.298572540283204,"hits":0,"speed":5.0,"movement":"EnemyFollowMovement","sightrange":8.0,"firerange":6.0,"threshold":1.484269142150879,"advicerange":9.371365547180176,"life":1}
