{"index":0,"lifetime":8.396659851074219,"hits":1,"speed":5.0,"movement":"EnemyCircleMovement","sightrange":17.0,"firerange":7.0,"threshold":1.2121086120605469,"life":1}
{"index":1,"lifetime":2.2777748107910158,"hits":0,"speed":6.0,"movement":"EnemyFollowMovement","sightrange":17.0,"firerange":9.0,"threshold":0.7754468321800232,"life":1}
{"index":2,"lifetime":20.749727249145509,"hits":0,"speed":2.0,"movement":"EnemyCircleMovement","sightrange":13.0,"firerange":6.0,"threshold":0.5819621086120606,"life":1}
{"index":3,"lifetime":34.45045471191406,"hits":0,"speed":5.0,"movement":"EnemyCircleMovement","sightrange":11.0,"firerange":12.0,"threshold":1.0953229665756226,"life":2}
{"index":4,"lifetime":14.189311027526856,"hits":0,"speed":3.0,"movement":"EnemyCircleMovement","sightrange":5.0,"firerange":13.0,"threshold":0.3779124617576599,"life":3}
{"index":5,"lifetime":15.249593734741211,"hits":0,"speed":7.0,"movement":"EnemyFollowMovement","sightrange":14.0,"firerange":9.0,"threshold":0.9366001486778259,"life":1}
{"index":6,"lifetime":19.026779174804689,"hits":1,"speed":5.0,"movement":"EnemyCircleMovement","sightrange":15.0,"firerange":14.0,"threshold":0.7876539826393127,"life":1}
{"index":7,"lifetime":44.20829772949219,"hits":0,"speed":8.0,"movement":"EnemyFollowMovement","sightrange":6.0,"firerange":5.0,"threshold":0.7483639121055603,"life":3}
{"index":8,"lifetime":61.040260314941409,"hits":0,"speed":4.0,"movement":"EnemyFollowMovement","sightrange":8.0,"firerange":12.0,"threshold":0.3704149127006531,"life":3}
{"index":9,"lifetime":47.20690155029297,"hits":0,"speed":6.0,"movement":"EnemyFollowMovement","sightrange":15.0,"firerange":9.0,"threshold":1.1310769319534302,"life":2}
{"index":10,"lifetime":36.78672790527344,"hits":0,"speed":5.0,"movement":"EnemyFollowMovement","sightrange":9.0,"firerange":7.0,"threshold":1.080731987953186,"life":1}
{"index":11,"lifetime":6.643557071685791,"hits":0,"speed":2.0,"movement":"EnemyFollowMovement","sightrange":7.0,"firerange":5.0,"threshold":0.49157020449638369,"life":1}
{"index":12,"lifetime":25.63688850402832,"hits":3,"speed":3.0,"movement":"EnemyCircleMovement","sightrange":14.0,"firerange":9.0,"threshold":0.21562692523002625,"life":2}
{"index":13,"lifetime":4.909832954406738,"hits":0,"speed":7.0,"movement":"EnemyCircleMovement","sightrange":13.0,"firerange":14.0,"threshold":1.1787850856781006,"life":1}
{"index":14,"lifetime":71.19528198242188,"hits":0,"speed":3.0,"movement":"EnemyCircleMovement","sightrange":15.0,"firerange":15.0,"threshold":0.4640885591506958,"life":2}
{"index":15,"lifetime":28.569202423095704,"hits":1,"speed":4.0,"movement":"EnemyFollowMovement","sightrange":11.0,"firerange":10.0,"threshold":0.4483078718185425,"life":3}
{"index":16,"lifetime":83.30461120605469,"hits":1,"speed":8.0,"movement":"EnemyCircleMovement","sightrange":7.0,"firerange":10.0,"threshold":0.6061763167381287,"life":3}
{"index":17,"lifetime":3.6569461822509767,"hits":0,"speed":7.0,"movement":"EnemyFollowMovement","sightrange":11.0,"firerange":14.0,"threshold":0.9662424921989441,"life":1}
{"index":18,"lifetime":50.20549774169922,"hits":1,"speed":6.0,"movement":"EnemyCircleMovement","sightrange":17.0,"firerange":6.0,"threshold":0.8285220265388489,"life":1}
{"index":19,"lifetime":51.77935028076172,"hits":0,"speed":2.0,"movement":"EnemyCircleMovement","sightrange":8.0,"firerange":14.0,"threshold":1.0655245780944825,"life":1}
