{"index":0,"lifetime":15.9586181640625,"hits":0,"speed":6.0,"movement":"EnemyFollowMovement","sightrange":14.0,"firerange":14.0,"threshold":0.8687591552734375,"advicerange":11.75938606262207,"life":3}
{"index":1,"lifetime":3.641752243041992,"hits":0,"speed":2.0,"movement":"EnemyCircleMovement","sightrange":8.0,"firerange":13.0,"threshold":0.9499184489250183,"advicerange":13.532533645629883,"life":2}
{"index":2,"lifetime":23.856727600097658,"hits":1,"speed":2.0,"movement":"EnemyCircleMovement","sightrange":9.0,"firerange":9.0,"threshold":0.2223508507013321,"advicerange":10.712237358093262,"life":3}
{"index":3,"lifetime":33.92047882080078,"hits":1,"speed":3.0,"movement":"EnemyCircleMovement","sightrange":11.0,"firerange":13.0,"threshold":1.0612633228302003,"advicerange":11.183699607849121,"life":2}
{"index":4,"lifetime":37.81425476074219,"hits":2,"speed":5.0,"movement":"EnemyCircleMovement","sightrange":9.0,"firerange":7.0,"threshold":0.2948993444442749,"advicerange":10.95528793334961,"life":2}
{"index":5,"lifetime":10.250154495239258,"hits":0,"speed":3.0,"movement":"EnemyCircleMovement","sightrange":12.0,"firerange":10.0,"threshold":0.7175827622413635,"advicerange":5.584752082824707,"life":3}
{"index":6,"lifetime":42.747589111328128,"hits":0,"speed":2.0,"movement":"EnemyFollowMovement","sightrange":9.0,"firerange":6.0,"threshold":1.1531859636306763,"advicerange":13.80378246307373,"life":2}
{"index":7,"lifetime":51.64101791381836,"hits":0,"speed":6.0,"movement":"EnemyCircleMovement","sightrange":8.0,"firerange":6.0,"threshold":1.3512084484100342,"advicerange":12.649186134338379,"life":3}
{"index":8,"lifetime":11.631073951721192,"hits":1,"speed":5.0,"movement":"EnemyFollowMovement","sightrange":9.0,"firerange":8.0,"threshold":1.156005620956421,"advicerange":13.66852855682373,"life":2}
{"index":9,"lifetime":65.17481994628906,"hits":0,"speed":9.0,"movement":"EnemyCircleMovement","sightrange":5.0,"firerange":9.0,"threshold":0.9192404747009277,"advicerange":12.121683120727539,"life":2}
{"index":10,"lifetime":21.941570281982423,"hits":0,"speed":6.0,"movement":"EnemyFollowMovement","sightrange":12.0,"firerange":9.0,"threshold":0.971981406211853,"advicerange":7.404353618621826,"life":3}
{"index":11,"lifetime":39.083072662353519,"hits":0,"speed":6.0,"movement":"EnemyFollowMovement","sightrange":16.0,"firerange":14.0,"threshold":0.7636280655860901,"advicerange":12.024760246276856,"life":1}
{"index":12,"lifetime":43.095489501953128,"hits":0,"speed":2.0,"movement":"EnemyFollowMovement","sightrange":5.0,"firerange":14.0,"threshold":0.3316497206687927,"advicerange":9.126165390014649,"life":3}
{"index":13,"lifetime":12.757611274719239,"hits":0,"speed":6.0,"movement":"EnemyCircleMovement","sightrange":12.0,"firerange":5.0,"threshold":0.323377788066864,"advicerange":8.488183975219727,"life":2}
{"index":14,"lifetime":18.973913192749025,"hits":0,"speed":7.0,"movement":"EnemyCircleMovement","sightrange":8.0,"firerange":9.0,"threshold":0.5831108689308167,"advicerange":5.263055324554443,"life":1}
{"index":15,"lifetime":8.34232234954834,"hits":1,"speed":4.0,"movement":"EnemyFollowMovement","sightrange":9.0,"firerange":13.0,"threshold":0.3203316330909729,"advicerange":10.49256420135498,"life":3}
{"index":16,"lifetime":13.90070915222168,"hits":0,"speed":2.0,"movement":"EnemyCircleMovement","sightrange":9.0,"firerange":5.0,"threshold":0.20102638006210328,"advicerange":9.020487785339356,"life":3}
{"index":17,"lifetime":40.24275207519531,"hits":0,"speed":9.0,"movement":"EnemyCircleMovement","sightrange":19.0,"firerange":8.0,"threshold":1.22453773021698,"advicerange":12.945428848266602,"life":3}
{"index":18,"lifetime":19.342832565307618,"hits":1,"speed":7.0,"movement":"EnemyFollowMovement","sightrange":14.0,"firerange":6.0,"threshold":0.9315328598022461,"advicerange":10.726543426513672,"life":2}
{"index":19,"lifetime":20.568782806396486,"hits":0,"speed":3.0,"movement":"EnemyFollowMovement","sightrange":9.0,"firerange":9.0,"threshold":1.4318153858184815,"advicerange":5.80294942855835,"life":1}
