{"index":0,"lifetime":31.155237197875978,"hits":0,"speed":2.0,"movement":"EnemyCircleMovement","sightrange":12.0,"firerange":9.0,"threshold":0.9500411152839661,"advicerange":14.938892364501954,"life":3}
{"index":1,"lifetime":36.50634765625,"hits":0,"speed":7.0,"movement":"EnemyFollowMovement","sightrange":10.0,"firerange":15.0,"threshold":0.6514123678207398,"advicerange":5.936577796936035,"life":2}
{"index":2,"lifetime":45.388084411621097,"hits":2,"speed":8.0,"movement":"EnemyCircleMovement","sightrange":5.0,"firerange":10.0,"threshold":0.837983250617981,"advicerange":10.693180084228516,"life":2}
{"index":3,"lifetime":56.98488235473633,"hits":0,"speed":8.0,"movement":"EnemyFollowMovement","sightrange":8.0,"firerange":11.0,"threshold":0.8908039331436157,"advicerange":11.467373847961426,"life":3}
{"index":4,"lifetime":61.35883712768555,"hits":3,"speed":8.0,"movement":"EnemyFollowMovement","sightrange":13.0,"firerange":14.0,"threshold":0.3778349757194519,"advicerange":8.425819396972657,"life":3}
{"index":5,"lifetime":46.91244888305664,"hits":0,"speed":3.0,"movement":"EnemyCircleMovement","sightrange":11.0,"firerange":12.0,"threshold":0.3149799704551697,"advicerange":13.36180305480957,"life":2}
{"index":6,"lifetime":20.202125549316408,"hits":1,"speed":9.0,"movement":"EnemyFollowMovement","sightrange":10.0,"firerange":13.0,"threshold":0.4210151433944702,"advicerange":13.094929695129395,"life":1}
{"index":7,"lifetime":65.18728637695313,"hits":0,"speed":2.0,"movement":"EnemyCircleMovement","sightrange":10.0,"firerange":8.0,"threshold":0.798505961894989,"advicerange":7.269908428192139,"life":1}
{"index":8,"lifetime":23.39949607849121,"hits":0,"speed":6.0,"movement":"EnemyFollowMovement","sightrange":5.0,"firerange":5.0,"threshold":0.39009958505630495,"advicerange":13.849855422973633,"life":2}
{"index":9,"lifetime":43.19951248168945,"hits":1,"speed":3.0,"movement":"EnemyCircleMovement","sightrange":7.0,"firerange":10.0,"threshold":0.5581130981445313,"advicerange":8.864480018615723,"life":3}
{"index":10,"lifetime":14.77568531036377,"hits":0,"speed":5.0,"movement":"EnemyFollowMovement","sightrange":11.0,"firerange":6.0,"threshold":0.7747617959976196,"advicerange":11.028352737426758,"life":1}
{"index":11,"lifetime":28.786191940307618,"hits":0,"speed":9.0,"movement":"EnemyCircleMovement","sightrange":6.0,"firerange":8.0,"threshold":0.38015735149383547,"advicerange":13.980356216430664,"life":2}
{"index":12,"lifetime":6.123218536376953,"hits":0,"speed":7.0,"movement":"EnemyFollowMovement","sightrange":18.0,"firerange":6.0,"threshold":1.2526633739471436,"advicerange":6.251662731170654,"life":3}
{"index":13,"lifetime":24.045940399169923,"hits":0,"speed":5.0,"movement":"EnemyFollowMovement","sightrange":5.0,"firerange":6.0,"threshold":0.6036859154701233,"advicerange":12.068747520446778,"life":1}
{"index":14,"lifetime":72.54247283935547,"hits":0,"speed":9.0,"movement":"EnemyFollowMovement","sightrange":9.0,"firerange":14.0,"threshold":0.23867902159690858,"advicerange":11.342891693115235,"life":3}
{"index":15,"lifetime":10.021265029907227,"hits":1,"speed":3.0,"movement":"EnemyFollowMovement","sightrange":10.0,"firerange":11.0,"threshold":0.7723424434661865,"advicerange":12.29638671875,"life":3}
{"index":16,"lifetime":27.325809478759767,"hits":0,"speed":3.0,"movement":"EnemyCircleMovement","sightrange":9.0,"firerange":12.0,"threshold":0.4302305579185486,"advicerange":8.42468547821045,"life":2}
{"index":17,"lifetime":18.012258529663087,"hits":0,"speed":9.0,"movement":"EnemyCircleMovement","sightrange":5.0,"firerange":8.0,"threshold":0.26576101779937746,"advicerange":7.389914035797119,"life":3}
{"index":18,"lifetime":2.9258978366851808,"hits":0,"speed":2.0,"movement":"EnemyFollowMovement","sightrange":7.0,"firerange":15.0,"threshold":0.9480183720588684,"advicerange":13.464288711547852,"life":1}
{"index":19,"lifetime":13.980509757995606,"hits":1,"speed":5.0,"movement":"EnemyCircleMovement","sightrange":14.0,"firerange":13.0,"threshold":0.43420031666755679,"advicerange":10.578592300415039,"life":1}
